{"train_acc":99.96980676328502,"val_acc":58.35411471321696,"_runtime":4642,"_timestamp":1.7648466105805128e+09,"test_acc_t":34.32835820895522,"_wandb":{"runtime":4642},"loss1":1.4352147579193115,"_step":398,"loss2":0.8233386874198914,"KRC":0.29780228149432403,"test_acc":50.995024875621894,"train_acc_t":90.51932367149759,"val_acc_t":35.411471321695764}