{"train_acc_t":80.52536231884058,"_wandb":{"runtime":4381},"_runtime":4381,"CE_loss_total":2.94563627243042,"train_acc":12.107487922705314,"val_acc":12.967581047381547,"LA_loss_total":0.36093229055404663,"val_acc_t":34.912718204488776,"_timestamp":1.7650320256837273e+09,"_step":298,"FA_loss_total":1.4820542335510254,"trainloss":4.788622709421011,"test_acc_t":29.35323383084577,"test_acc":14.17910447761194}