{"trainloss": 2.1713269628011265, "CE_loss_total": 1.072688341140747, "FA_loss_total": 0.2672503390635723, "LA_loss_total": 0.831388533115387, "_timestamp": 1760874551.8986514, "_runtime": 1027.4898402690887, "_step": 137, "train_acc": 0, "val_acc": 0, "test_acc": 0, "train_acc_t": 0, "val_acc_t": 0, "test_acc_t": 0, "_wandb": {"runtime": 1036}}