{"train_acc_t":88.4963768115942,"loss2":2.902325391769409,"val_acc":17.456359102244388,"_step":130,"loss1":1.3520700931549072,"test_acc_t":53.233830845771145,"_wandb":{"runtime":1097},"_runtime":1097,"test_acc":16.16915422885572,"val_acc_t":57.85536159600998,"train_acc":23.641304347826086,"_timestamp":1.765026792796063e+09,"KRC":0.21682491869880602}