{"val_acc_t":55.11221945137157,"_wandb":{"runtime":3113},"loss1":0.9369941353797913,"test_acc":28.606965174129353,"test_acc_t":54.47761194029851,"_runtime":3113,"val_acc":32.16957605985037,"train_acc":61.47342995169082,"train_acc_t":99.93961352657004,"KRC":0.26438855637724584,"_timestamp":1.7649313418927515e+09,"_step":398,"loss2":2.124823570251465}