{"val_acc_t":34.66334164588529,"_wandb":{"runtime":11083},"test_acc_t":34.32835820895522,"val_acc":54.114713216957604,"train_acc":99.7584541062802,"test_acc":49.004975124378106,"_step":1196,"train_acc_t":89.97584541062803,"loss1":1.5234742164611816,"_runtime":11083,"_timestamp":1.7650379890976737e+09,"loss2":1.3575830459594727,"KRC":0.3167161207932692}