{"_timestamp":1.7650266036508875e+09,"train_acc_t":73.18840579710145,"_step":106,"val_acc":4.488778054862843,"test_acc_t":31.592039800995025,"loss2":3.420464515686035,"KRC":0.13222365439511263,"test_acc":4.477611940298507,"_wandb":{"runtime":911},"_runtime":911,"loss1":1.8897137641906738,"train_acc":4.559178743961352,"val_acc_t":32.16957605985037}