{"trainloss":11.62417968419882,"CE_loss_total":7.561639785766602,"train_acc_t":100,"_runtime":3572,"_step":298,"_wandb":{"runtime":3572},"_timestamp":1.7650312162595985e+09,"FA_loss_total":1.496185541152954,"val_acc":4.738154613466334,"test_acc":4.2288557213930345,"train_acc":4.770531400966184,"test_acc_t":52.7363184079602,"val_acc_t":57.605985037406484,"LA_loss_total":2.5663561820983887}