{"_runtime":3092,"loss2":0.637695848941803,"_timestamp":1.7649313205696423e+09,"KRC":0.276723625854804,"_step":398,"loss1":1.4009989500045776,"test_acc_t":33.582089552238806,"_wandb":{"runtime":3092},"val_acc":55.61097256857855,"val_acc_t":35.910224438902745,"train_acc":100,"test_acc":51.492537313432834,"train_acc_t":90.33816425120773}