{"loss1": 2.3349006175994873, "loss2": 3.5828564167022705, "_timestamp": 1760183492.9340146, "_runtime": 83.5654525756836, "_step": 14, "KRC": 0.9365850998187698, "train_acc": 0, "val_acc": 0, "test_acc": 0, "train_acc_t": 0, "val_acc_t": 0, "test_acc_t": 0}