{"loss1": NaN, "loss2": 1.6949951648712158, "_timestamp": 1760006407.7196798, "_runtime": 1869.6364238262177, "_step": 319, "KRC": 17.173180241782504, "train_acc": 78.26086956521739, "val_acc": 34.66334164588529, "test_acc": 32.58706467661692, "train_acc_t": 4.5893719806763285, "val_acc_t": 4.488778054862843, "test_acc_t": 4.477611940298507, "_wandb": {"runtime": 1869}}