{"loss1": NaN, "loss2": 3.018040895462036, "_timestamp": 1760004414.9087899, "_runtime": 509.8407349586487, "_step": 77, "KRC": 2.459946522847391, "train_acc": 28.14009661835749, "val_acc": 27.18204488778055, "test_acc": 20.398009950248756, "train_acc_t": 4.5893719806763285, "val_acc_t": 4.488778054862843, "test_acc_t": 4.477611940298507, "_wandb": {"runtime": 514}}