{"loss1": 0.8259204626083374, "loss2": NaN, "_timestamp": 1760437101.3704174, "_runtime": 1845.0503013134003, "_step": 319, "KRC": 23.375105085281227, "train_acc": 4.5893719806763285, "val_acc": 4.488778054862843, "test_acc": 4.477611940298507, "train_acc_t": 90.60990338164251, "val_acc_t": 37.905236907730675, "test_acc_t": 34.82587064676617, "_wandb": {"runtime": 1844}}