{"_wandb":{"runtime":4623},"_runtime":4623,"loss2":2.5179147720336914,"train_acc":37.16787439613527,"_step":398,"val_acc_t":57.1072319201995,"test_acc_t":51.492537313432834,"_timestamp":1.76484653098387e+09,"KRC":0.2265624624605362,"test_acc":19.402985074626866,"loss1":0.7456456422805786,"train_acc_t":100,"val_acc":29.17705735660848}