{"_timestamp":1.7650377471095173e+09,"train_acc":57.940821256038646,"test_acc":27.860696517412936,"KRC":0.26755884662270546,"train_acc_t":99.3659420289855,"_wandb":{"runtime":10841},"_runtime":10841,"_step":1196,"loss2":2.3292078971862793,"test_acc_t":51.492537313432834,"val_acc_t":52.86783042394015,"val_acc":29.67581047381546,"loss1":1.204641580581665}